index,D_0__Archaea;D_1__Euryarchaeota;D_2__Halobacteria;D_3__Halobacteriales;D_4__Halobacteriaceae;Ambiguous_taxa;D_6__uncultured archaeon;D_7__;D_8__;D_9__,D_0__Archaea;D_1__Euryarchaeota;D_2__Halobacteria;D_3__Halobacteriales;D_4__Halobacteriaceae;D_5__Halapricum;D_6__uncultured Halobacteria archaeon;D_7__;D_8__;D_9__,D_0__Archaea;D_1__Euryarchaeota;D_2__Halobacteria;D_3__Halobacteriales;D_4__Halobacteriaceae;D_5__Halapricum;D_6__uncultured archaeon;D_7__;D_8__;D_9__,D_0__Archaea;D_1__Euryarchaeota;D_2__Halobacteria;D_3__Halobacteriales;D_4__Halobacteriaceae;D_5__Halapricum;__;__;__;__,D_0__Archaea;D_1__Euryarchaeota;D_2__Halobacteria;D_3__Halobacteriales;D_4__Halobacteriaceae;D_5__Haloarchaeobius;Ambiguous_taxa;D_7__;D_8__;D_9__,D_0__Archaea;D_1__Euryarchaeota;D_2__Halobacteria;D_3__Halobacteriales;D_4__Halobacteriaceae;D_5__Haloarcula;D_6__uncultured euryarchaeote;D_7__;D_8__;D_9__,D_0__Archaea;D_1__Euryarchaeota;D_2__Halobacteria;D_3__Halobacteriales;D_4__Halobacteriaceae;D_5__Haloarcula;__;__;__;__,D_0__Archaea;D_1__Euryarchaeota;D_2__Halobacteria;D_3__Halobacteriales;D_4__Halobacteriaceae;D_5__Halobacterium;Ambiguous_taxa;D_7__;D_8__;D_9__,D_0__Archaea;D_1__Euryarchaeota;D_2__Halobacteria;D_3__Halobacteriales;D_4__Halobacteriaceae;D_5__Halobacterium;__;__;__;__,D_0__Archaea;D_1__Euryarchaeota;D_2__Halobacteria;D_3__Halobacteriales;D_4__Halobacteriaceae;D_5__Halobaculum;Ambiguous_taxa;D_7__;D_8__;D_9__,D_0__Archaea;D_1__Euryarchaeota;D_2__Halobacteria;D_3__Halobacteriales;D_4__Halobacteriaceae;D_5__Halobellus;D_6__uncultured haloarchaeon;D_7__;D_8__;D_9__,D_0__Archaea;D_1__Euryarchaeota;D_2__Halobacteria;D_3__Halobacteriales;D_4__Halobacteriaceae;D_5__Halococcus;Ambiguous_taxa;D_7__;D_8__;D_9__,D_0__Archaea;D_1__Euryarchaeota;D_2__Halobacteria;D_3__Halobacteriales;D_4__Halobacteriaceae;D_5__Halococcus;D_6__Halococcus thailandensis JCM 13552;D_7__;D_8__;D_9__,D_0__Archaea;D_1__Euryarchaeota;D_2__Halobacteria;D_3__Halobacteriales;D_4__Halobacteriaceae;D_5__Halococcus;D_6__uncultured archaeon;D_7__;D_8__;D_9__,D_0__Archaea;D_1__Euryarchaeota;D_2__Halobacteria;D_3__Halobacteriales;D_4__Halobacteriaceae;D_5__Halococcus;__;__;__;__,D_0__Archaea;D_1__Euryarchaeota;D_2__Halobacteria;D_3__Halobacteriales;D_4__Halobacteriaceae;D_5__Halolamina;Ambiguous_taxa;D_7__;D_8__;D_9__,D_0__Archaea;D_1__Euryarchaeota;D_2__Halobacteria;D_3__Halobacteriales;D_4__Halobacteriaceae;D_5__Halolamina;__;__;__;__,D_0__Archaea;D_1__Euryarchaeota;D_2__Halobacteria;D_3__Halobacteriales;D_4__Halobacteriaceae;D_5__Halomarina;D_6__uncultured archaeon;D_7__;D_8__;D_9__,D_0__Archaea;D_1__Euryarchaeota;D_2__Halobacteria;D_3__Halobacteriales;D_4__Halobacteriaceae;D_5__Halomarina;D_6__uncultured euryarchaeote;D_7__;D_8__;D_9__,D_0__Archaea;D_1__Euryarchaeota;D_2__Halobacteria;D_3__Halobacteriales;D_4__Halobacteriaceae;D_5__Halomarina;D_6__uncultured haloarchaeon;D_7__;D_8__;D_9__,D_0__Archaea;D_1__Euryarchaeota;D_2__Halobacteria;D_3__Halobacteriales;D_4__Halobacteriaceae;D_5__Halomarina;__;__;__;__,D_0__Archaea;D_1__Euryarchaeota;D_2__Halobacteria;D_3__Halobacteriales;D_4__Halobacteriaceae;D_5__Halomicrobium;Ambiguous_taxa;D_7__;D_8__;D_9__,D_0__Archaea;D_1__Euryarchaeota;D_2__Halobacteria;D_3__Halobacteriales;D_4__Halobacteriaceae;D_5__Halomicrobium;__;__;__;__,D_0__Archaea;D_1__Euryarchaeota;D_2__Halobacteria;D_3__Halobacteriales;D_4__Halobacteriaceae;D_5__Halonotius;Ambiguous_taxa;D_7__;D_8__;D_9__,D_0__Archaea;D_1__Euryarchaeota;D_2__Halobacteria;D_3__Halobacteriales;D_4__Halobacteriaceae;D_5__Haloparvum;Ambiguous_taxa;D_7__;D_8__;D_9__,D_0__Archaea;D_1__Euryarchaeota;D_2__Halobacteria;D_3__Halobacteriales;D_4__Halobacteriaceae;D_5__Haloparvum;__;__;__;__,D_0__Archaea;D_1__Euryarchaeota;D_2__Halobacteria;D_3__Halobacteriales;D_4__Halobacteriaceae;D_5__Haloplanus;D_6__archaeon G76.1;D_7__;D_8__;D_9__,D_0__Archaea;D_1__Euryarchaeota;D_2__Halobacteria;D_3__Halobacteriales;D_4__Halobacteriaceae;D_5__Halorientalis;__;__;__;__,D_0__Archaea;D_1__Euryarchaeota;D_2__Halobacteria;D_3__Halobacteriales;D_4__Halobacteriaceae;D_5__Halorubellus;D_6__uncultured Halobacterium sp.;D_7__;D_8__;D_9__,D_0__Archaea;D_1__Euryarchaeota;D_2__Halobacteria;D_3__Halobacteriales;D_4__Halobacteriaceae;D_5__Halorubellus;D_6__uncultured haloarchaeon;D_7__;D_8__;D_9__,D_0__Archaea;D_1__Euryarchaeota;D_2__Halobacteria;D_3__Halobacteriales;D_4__Halobacteriaceae;D_5__Halorubellus;__;__;__;__,D_0__Archaea;D_1__Euryarchaeota;D_2__Halobacteria;D_3__Halobacteriales;D_4__Halobacteriaceae;D_5__Halorubrum;Ambiguous_taxa;D_7__;D_8__;D_9__,D_0__Archaea;D_1__Euryarchaeota;D_2__Halobacteria;D_3__Halobacteriales;D_4__Halobacteriaceae;D_5__Halorubrum;__;__;__;__,D_0__Archaea;D_1__Euryarchaeota;D_2__Halobacteria;D_3__Halobacteriales;D_4__Halobacteriaceae;D_5__Halorussus;D_6__Halorussus ruber;D_7__;D_8__;D_9__,D_0__Archaea;D_1__Euryarchaeota;D_2__Halobacteria;D_3__Halobacteriales;D_4__Halobacteriaceae;D_5__Halorussus;__;__;__;__,D_0__Archaea;D_1__Euryarchaeota;D_2__Halobacteria;D_3__Halobacteriales;D_4__Halobacteriaceae;D_5__Halosimplex;__;__;__;__,D_0__Archaea;D_1__Euryarchaeota;D_2__Halobacteria;D_3__Halobacteriales;D_4__Halobacteriaceae;D_5__Halostella;D_6__Halobacteriaceae archaeon YPL18;D_7__;D_8__;D_9__,D_0__Archaea;D_1__Euryarchaeota;D_2__Halobacteria;D_3__Halobacteriales;D_4__Halobacteriaceae;D_5__Halostella;D_6__Halostella salina;D_7__;D_8__;D_9__,D_0__Archaea;D_1__Euryarchaeota;D_2__Halobacteria;D_3__Halobacteriales;D_4__Halobacteriaceae;D_5__Halostella;D_6__uncultured archaeon;D_7__;D_8__;D_9__,D_0__Archaea;D_1__Euryarchaeota;D_2__Halobacteria;D_3__Halobacteriales;D_4__Halobacteriaceae;D_5__Halostella;__;__;__;__,D_0__Archaea;D_1__Euryarchaeota;D_2__Halobacteria;D_3__Halobacteriales;D_4__Halobacteriaceae;D_5__Haloterrigena;D_6__Haloterrigena salina JCM 13891;D_7__;D_8__;D_9__,D_0__Archaea;D_1__Euryarchaeota;D_2__Halobacteria;D_3__Halobacteriales;D_4__Halobacteriaceae;D_5__Haloterrigena;__;__;__;__,D_0__Archaea;D_1__Euryarchaeota;D_2__Halobacteria;D_3__Halobacteriales;D_4__Halobacteriaceae;D_5__Halovenus;D_6__Halobacteriaceae archaeon SHR40;D_7__;D_8__;D_9__,D_0__Archaea;D_1__Euryarchaeota;D_2__Halobacteria;D_3__Halobacteriales;D_4__Halobacteriaceae;D_5__Halovenus;D_6__uncultured archaeon;D_7__;D_8__;D_9__,D_0__Archaea;D_1__Euryarchaeota;D_2__Halobacteria;D_3__Halobacteriales;D_4__Halobacteriaceae;D_5__Natronoarchaeum;D_6__haloarchaeon str. T1.6;D_7__;D_8__;D_9__,D_0__Archaea;D_1__Euryarchaeota;D_2__Halobacteria;D_3__Halobacteriales;D_4__Halobacteriaceae;D_5__Natronomonas;Ambiguous_taxa;D_7__;D_8__;D_9__,D_0__Archaea;D_1__Euryarchaeota;D_2__Halobacteria;D_3__Halobacteriales;D_4__Halobacteriaceae;D_5__Natronomonas;D_6__Natronomonas sp. YPL13;D_7__;D_8__;D_9__,D_0__Archaea;D_1__Euryarchaeota;D_2__Halobacteria;D_3__Halobacteriales;D_4__Halobacteriaceae;D_5__Natronomonas;D_6__uncultured archaeon;D_7__;D_8__;D_9__,D_0__Archaea;D_1__Euryarchaeota;D_2__Halobacteria;D_3__Halobacteriales;D_4__Halobacteriaceae;D_5__Natronomonas;__;__;__;__,D_0__Archaea;D_1__Euryarchaeota;D_2__Halobacteria;D_3__Halobacteriales;D_4__Halobacteriaceae;D_5__Salinarchaeum;D_6__uncultured Halobacteria archaeon;D_7__;D_8__;D_9__,D_0__Archaea;D_1__Euryarchaeota;D_2__Halobacteria;D_3__Halobacteriales;D_4__Halobacteriaceae;D_5__Salinarchaeum;__;__;__;__,D_0__Archaea;D_1__Euryarchaeota;D_2__Halobacteria;D_3__Halobacteriales;D_4__Halobacteriaceae;D_5__uncultured archaeon;D_6__;D_7__;D_8__;D_9__,D_0__Archaea;D_1__Euryarchaeota;D_2__Halobacteria;D_3__Halobacteriales;D_4__Halobacteriaceae;D_5__uncultured;D_6__Haloarcula sp. LV_22B54;D_7__;D_8__;D_9__,D_0__Archaea;D_1__Euryarchaeota;D_2__Halobacteria;D_3__Halobacteriales;D_4__Halobacteriaceae;D_5__uncultured;D_6__soda lake metagenome;D_7__;D_8__;D_9__,D_0__Archaea;D_1__Euryarchaeota;D_2__Halobacteria;D_3__Halobacteriales;D_4__Halobacteriaceae;D_5__uncultured;D_6__uncultured archaeon;D_7__;D_8__;D_9__,D_0__Archaea;D_1__Euryarchaeota;D_2__Halobacteria;D_3__Halobacteriales;D_4__Halobacteriaceae;D_5__uncultured;D_6__uncultured euryarchaeote;D_7__;D_8__;D_9__,D_0__Archaea;D_1__Euryarchaeota;D_2__Halobacteria;D_3__Halobacteriales;D_4__Halobacteriaceae;D_5__uncultured;__;__;__;__,D_0__Archaea;D_1__Euryarchaeota;D_2__Halobacteria;D_3__Halobacteriales;D_4__Halobacteriaceae;__;__;__;__;__,D_0__Archaea;D_1__Euryarchaeota;D_2__Thermoplasmata;D_3__Thermoplasmatales;D_4__Marine Group II;D_5__uncultured archaeon;D_6__;D_7__;D_8__;D_9__,D_0__Archaea;D_1__Euryarchaeota;D_2__Thermoplasmata;D_3__Thermoplasmatales;__;__;__;__;__;__,D_0__Archaea;D_1__Nanohaloarchaeota;Ambiguous_taxa;D_3__;D_4__;D_5__;D_6__;D_7__;D_8__;D_9__,D_0__Archaea;D_1__Nanohaloarchaeota;D_2__hypersaline lake metagenome;D_3__;D_4__;D_5__;D_6__;D_7__;D_8__;D_9__,D_0__Archaea;D_1__Nanohaloarchaeota;D_2__uncultured haloarchaeon;D_3__;D_4__;D_5__;D_6__;D_7__;D_8__;D_9__,D_0__Archaea;D_1__Nanohaloarchaeota;__;__;__;__;__;__;__;__,D_0__Archaea;__;__;__;__;__;__;__;__;__,D_0__Bacteria;D_1__Actinobacteria;D_2__Nitriliruptoria;D_3__Euzebyales;D_4__Euzebyaceae;D_5__Egibacter;D_6__soda lake metagenome;D_7__;D_8__;D_9__,D_0__Bacteria;D_1__Actinobacteria;D_2__Rubrobacteria;D_3__Rubrobacterales;D_4__Rubrobacteriaceae;D_5__Rubrobacter;__;__;__;__,D_0__Bacteria;D_1__Bacteroidetes;D_2__Bacteroidetes Incertae Sedis;D_3__Order II;D_4__Rhodothermaceae;D_5__Longimonas;__;__;__;__,D_0__Bacteria;D_1__Bacteroidetes;D_2__Bacteroidetes Incertae Sedis;D_3__Order II;D_4__Rhodothermaceae;D_5__Salinibacter;Ambiguous_taxa;D_7__;D_8__;D_9__,D_0__Bacteria;D_1__Bacteroidetes;D_2__Bacteroidetes Incertae Sedis;D_3__Order II;D_4__Rhodothermaceae;D_5__Salinibacter;D_6__uncultured bacterium;D_7__;D_8__;D_9__,D_0__Bacteria;D_1__Bacteroidetes;D_2__Bacteroidetes Incertae Sedis;D_3__Order II;D_4__Rhodothermaceae;D_5__Salinibacter;__;__;__;__,D_0__Bacteria;D_1__Bacteroidetes;D_2__Bacteroidetes Incertae Sedis;D_3__Order II;D_4__Rhodothermaceae;__;__;__;__;__,D_0__Bacteria;D_1__Bacteroidetes;D_2__Bacteroidetes Incertae Sedis;D_3__Order III;D_4__Unknown Family;D_5__Aliifodinibius;__;__;__;__,D_0__Bacteria;D_1__Bacteroidetes;D_2__Bacteroidetes Incertae Sedis;D_3__Order III;D_4__Unknown Family;__;__;__;__;__,D_0__Bacteria;D_1__Bacteroidetes;D_2__Sphingobacteriia;D_3__Sphingobacteriales;D_4__uncultured;D_5__uncultured bacterium;D_6__;D_7__;D_8__;D_9__,D_0__Bacteria;D_1__Bacteroidetes;D_2__Sphingobacteriia;D_3__Sphingobacteriales;D_4__uncultured;__;__;__;__;__,D_0__Bacteria;D_1__Bacteroidetes;D_2__Sphingobacteriia;D_3__Sphingobacteriales;__;__;__;__;__;__,D_0__Bacteria;D_1__Cyanobacteria;D_2__Chloroplast;__;__;__;__;__;__;__,D_0__Bacteria;D_1__Cyanobacteria;D_2__Cyanobacteria;D_3__SubsectionIII;D_4__FamilyI;__;__;__;__;__,D_0__Bacteria;D_1__Cyanobacteria;__;__;__;__;__;__;__;__,D_0__Bacteria;D_1__Firmicutes;D_2__Clostridia;D_3__Thermoanaerobacterales;D_4__Family III;D_5__uncultured;D_6__uncultured bacterium;D_7__;D_8__;D_9__,D_0__Bacteria;D_1__Firmicutes;D_2__Clostridia;__;__;__;__;__;__;__,D_0__Bacteria;D_1__Planctomycetes;D_2__Phycisphaerae;D_3__Phycisphaerales;D_4__Phycisphaeraceae;D_5__uncultured;D_6__uncultured bacterium;D_7__;D_8__;D_9__,D_0__Bacteria;D_1__Planctomycetes;D_2__Phycisphaerae;D_3__Phycisphaerales;D_4__Phycisphaeraceae;D_5__uncultured;D_6__uncultured planctomycete;D_7__;D_8__;D_9__,D_0__Bacteria;D_1__Planctomycetes;D_2__Phycisphaerae;D_3__Phycisphaerales;D_4__Phycisphaeraceae;D_5__uncultured;__;__;__;__,D_0__Bacteria;D_1__Proteobacteria;D_2__Deltaproteobacteria;D_3__Bradymonadales;D_4__uncultured bacterium;D_5__;D_6__;D_7__;D_8__;D_9__,D_0__Bacteria;D_1__Proteobacteria;D_2__Gammaproteobacteria;D_3__Chromatiales;D_4__Ectothiorhodospiraceae;D_5__Arhodomonas;D_6__uncultured proteobacterium;D_7__;D_8__;D_9__,D_0__Bacteria;D_1__Proteobacteria;D_2__Gammaproteobacteria;D_3__Chromatiales;D_4__Ectothiorhodospiraceae;D_5__uncultured;D_6__uncultured Ectothiorhodospiraceae bacterium;D_7__;D_8__;D_9__,D_0__Bacteria;D_1__Proteobacteria;D_2__Gammaproteobacteria;D_3__Chromatiales;D_4__Ectothiorhodospiraceae;D_5__uncultured;D_6__uncultured gamma proteobacterium;D_7__;D_8__;D_9__,D_0__Bacteria;D_1__Proteobacteria;D_2__Gammaproteobacteria;D_3__Chromatiales;D_4__Ectothiorhodospiraceae;D_5__uncultured;__;__;__;__,D_0__Bacteria;D_1__Proteobacteria;D_2__Gammaproteobacteria;D_3__Salinisphaerales;D_4__Salinisphaeraceae;D_5__Salinisphaera;Ambiguous_taxa;D_7__;D_8__;D_9__,D_0__Bacteria;D_1__TM6 (Dependentiae);D_2__uncultured bacterium;D_3__;D_4__;D_5__;D_6__;D_7__;D_8__;D_9__,D_0__Bacteria;__;__;__;__;__;__;__;__;__,Unassigned;__;__;__;__;__;__;__;__;__,EW,NS,Altitude,Location,Transect
Feb10-r1-a_SPA,0.0,0.0,639.0,0.0,0.0,0.0,0.0,0.0,0.0,0.0,0.0,0.0,0.0,0.0,0.0,0.0,0.0,0.0,0.0,0.0,0.0,0.0,0.0,0.0,0.0,0.0,0.0,57.0,0.0,0.0,0.0,0.0,0.0,0.0,0.0,0.0,0.0,0.0,0.0,0.0,0.0,0.0,0.0,0.0,48.0,231.0,0.0,0.0,304.0,82.0,0.0,0.0,0.0,0.0,201.0,0.0,56.0,591.0,10.0,0.0,0.0,0.0,31.0,0.0,0.0,25.0,0.0,22.0,0.0,0.0,754.0,35.0,0.0,0.0,0.0,0.0,0.0,0.0,184.0,0.0,0.0,0.0,0.0,35.0,9.0,0.0,0.0,0.0,0.0,26.0,0.0,0.0,337.0,0.0,-70.01418000000001,-20.932281,690.34,SG1,RIDGE
Feb10-r2-a_SPA,0.0,0.0,334.0,0.0,0.0,24.0,0.0,0.0,0.0,0.0,0.0,192.0,0.0,0.0,0.0,0.0,0.0,466.0,0.0,0.0,0.0,0.0,0.0,0.0,0.0,0.0,0.0,0.0,0.0,0.0,0.0,0.0,0.0,0.0,38.0,94.0,0.0,0.0,0.0,0.0,0.0,0.0,0.0,0.0,0.0,1202.0,0.0,0.0,273.0,38.0,0.0,0.0,0.0,0.0,0.0,0.0,0.0,311.0,0.0,0.0,0.0,0.0,0.0,0.0,0.0,0.0,0.0,0.0,0.0,0.0,260.0,47.0,0.0,0.0,0.0,0.0,0.0,0.0,408.0,0.0,0.0,0.0,0.0,17.0,0.0,29.0,0.0,0.0,0.0,0.0,0.0,0.0,378.0,0.0,-70.015464,-20.934286,696.85,SG1,RIDGE
Feb10-r3-a_SPA,0.0,0.0,273.0,124.0,0.0,70.0,0.0,0.0,0.0,0.0,0.0,327.0,0.0,0.0,0.0,55.0,0.0,249.0,0.0,0.0,0.0,0.0,16.0,0.0,0.0,0.0,0.0,0.0,0.0,0.0,0.0,0.0,0.0,0.0,0.0,131.0,0.0,0.0,0.0,0.0,0.0,0.0,0.0,7.0,0.0,1182.0,0.0,0.0,141.0,0.0,0.0,0.0,0.0,0.0,0.0,0.0,77.0,533.0,63.0,0.0,0.0,0.0,0.0,0.0,0.0,26.0,0.0,0.0,0.0,0.0,516.0,13.0,0.0,0.0,0.0,0.0,0.0,0.0,268.0,0.0,0.0,0.0,0.0,0.0,47.0,0.0,0.0,0.0,35.0,0.0,0.0,0.0,700.0,0.0,-70.016625,-20.936038,699.25,SG1,RIDGE
Feb10-r4-a_SPA,0.0,0.0,617.0,0.0,0.0,48.0,0.0,0.0,0.0,0.0,0.0,295.0,0.0,0.0,0.0,0.0,0.0,0.0,0.0,0.0,0.0,0.0,0.0,0.0,0.0,0.0,0.0,61.0,0.0,0.0,0.0,0.0,0.0,0.0,134.0,261.0,0.0,0.0,0.0,0.0,0.0,0.0,0.0,14.0,0.0,855.0,0.0,0.0,180.0,0.0,0.0,0.0,53.0,0.0,0.0,0.0,123.0,622.0,14.0,0.0,0.0,0.0,68.0,0.0,0.0,16.0,0.0,61.0,49.0,0.0,520.0,0.0,0.0,0.0,0.0,0.0,0.0,0.0,778.0,45.0,0.0,0.0,0.0,21.0,39.0,0.0,0.0,0.0,43.0,0.0,0.0,0.0,529.0,0.0,-70.01744599999999,-20.938626,698.67,SG1,RIDGE
Feb10-r5-a_SPA,0.0,0.0,338.0,28.0,0.0,50.0,0.0,0.0,0.0,0.0,6.0,46.0,0.0,0.0,0.0,0.0,0.0,0.0,0.0,0.0,0.0,0.0,0.0,0.0,0.0,0.0,8.0,0.0,0.0,0.0,0.0,0.0,0.0,0.0,0.0,30.0,0.0,0.0,0.0,0.0,0.0,0.0,0.0,0.0,0.0,432.0,0.0,0.0,608.0,0.0,0.0,0.0,47.0,0.0,286.0,0.0,0.0,324.0,0.0,0.0,13.0,0.0,27.0,0.0,0.0,28.0,0.0,37.0,0.0,0.0,554.0,0.0,0.0,0.0,0.0,0.0,0.0,0.0,305.0,0.0,0.0,0.0,0.0,29.0,56.0,50.0,0.0,0.0,39.0,0.0,0.0,20.0,731.0,0.0,-70.019068,-20.943479999999997,698.71,SG1,RIDGE
Feb10-r6-a_SPA,0.0,0.0,474.0,0.0,0.0,0.0,0.0,0.0,49.0,0.0,0.0,182.0,0.0,0.0,0.0,0.0,63.0,104.0,17.0,0.0,0.0,0.0,49.0,0.0,0.0,0.0,0.0,0.0,0.0,0.0,0.0,0.0,0.0,0.0,38.0,93.0,0.0,0.0,0.0,0.0,0.0,0.0,0.0,0.0,82.0,402.0,0.0,0.0,317.0,0.0,0.0,0.0,0.0,0.0,295.0,0.0,0.0,663.0,0.0,0.0,19.0,0.0,81.0,0.0,0.0,25.0,0.0,0.0,28.0,0.0,820.0,229.0,0.0,0.0,0.0,0.0,0.0,0.0,523.0,0.0,0.0,0.0,44.0,100.0,0.0,42.0,0.0,0.0,84.0,0.0,0.0,0.0,822.0,0.0,-70.019196,-20.949547,702.93,SG1,RIDGE
Feb10-r7-a_SPA,0.0,0.0,419.0,66.0,0.0,17.0,0.0,0.0,0.0,0.0,0.0,33.0,0.0,0.0,0.0,0.0,0.0,0.0,0.0,0.0,0.0,0.0,0.0,0.0,0.0,20.0,82.0,0.0,0.0,0.0,0.0,0.0,19.0,0.0,0.0,0.0,0.0,0.0,0.0,0.0,0.0,0.0,0.0,0.0,18.0,844.0,0.0,0.0,362.0,0.0,0.0,0.0,0.0,0.0,98.0,0.0,96.0,488.0,0.0,20.0,0.0,0.0,69.0,0.0,52.0,0.0,0.0,0.0,160.0,0.0,368.0,45.0,0.0,0.0,0.0,0.0,0.0,0.0,225.0,0.0,0.0,0.0,0.0,14.0,0.0,0.0,0.0,0.0,48.0,0.0,0.0,0.0,435.0,0.0,-70.01965200000001,-20.95046,702.5,SG1,RIDGE
Feb7-1_SPA,0.0,0.0,685.0,43.0,0.0,0.0,0.0,0.0,33.0,0.0,0.0,0.0,0.0,0.0,0.0,63.0,0.0,0.0,0.0,0.0,0.0,0.0,199.0,0.0,0.0,0.0,110.0,0.0,0.0,0.0,74.0,68.0,0.0,0.0,0.0,55.0,0.0,96.0,0.0,0.0,0.0,0.0,0.0,0.0,49.0,1143.0,0.0,0.0,284.0,0.0,0.0,0.0,0.0,0.0,0.0,0.0,0.0,278.0,0.0,0.0,36.0,7.0,0.0,0.0,0.0,35.0,0.0,0.0,0.0,0.0,608.0,13.0,0.0,0.0,0.0,0.0,0.0,0.0,189.0,0.0,0.0,0.0,0.0,0.0,0.0,0.0,0.0,0.0,28.0,0.0,0.0,0.0,80.0,0.0,-70.019951,-20.95319,678.81,SG1,SG1_hill
Feb7-12_SPA,0.0,0.0,0.0,0.0,0.0,19.0,0.0,0.0,0.0,0.0,0.0,84.0,0.0,0.0,0.0,0.0,0.0,0.0,33.0,0.0,0.0,0.0,0.0,0.0,0.0,0.0,0.0,0.0,0.0,0.0,0.0,0.0,0.0,0.0,0.0,60.0,165.0,0.0,0.0,0.0,0.0,0.0,0.0,0.0,0.0,1062.0,0.0,0.0,315.0,0.0,0.0,0.0,0.0,0.0,0.0,0.0,0.0,191.0,0.0,0.0,0.0,0.0,0.0,0.0,0.0,0.0,0.0,0.0,0.0,0.0,140.0,0.0,0.0,0.0,0.0,0.0,0.0,0.0,243.0,0.0,0.0,0.0,0.0,0.0,0.0,0.0,0.0,0.0,0.0,8.0,0.0,0.0,204.0,0.0,-70.018724,-20.953770000000002,658.01,SG1,SG1_hill
Feb7-15_SPA,0.0,17.0,254.0,0.0,0.0,18.0,0.0,0.0,0.0,0.0,0.0,0.0,0.0,0.0,0.0,0.0,0.0,49.0,0.0,0.0,0.0,0.0,0.0,0.0,0.0,0.0,0.0,0.0,0.0,0.0,0.0,0.0,0.0,0.0,0.0,29.0,0.0,0.0,68.0,0.0,0.0,0.0,0.0,12.0,0.0,644.0,0.0,0.0,0.0,0.0,0.0,0.0,11.0,0.0,0.0,0.0,0.0,32.0,0.0,0.0,0.0,0.0,0.0,0.0,0.0,0.0,0.0,41.0,0.0,0.0,223.0,0.0,0.0,0.0,0.0,0.0,0.0,0.0,98.0,0.0,0.0,0.0,0.0,0.0,0.0,0.0,0.0,0.0,29.0,0.0,0.0,0.0,160.0,0.0,-70.018436,-20.953859,654.32,SG1,SG1_hill
Feb7-20_SPA,0.0,0.0,366.0,0.0,0.0,0.0,0.0,0.0,0.0,0.0,0.0,211.0,0.0,0.0,0.0,0.0,0.0,118.0,0.0,0.0,42.0,0.0,0.0,0.0,0.0,0.0,0.0,0.0,0.0,0.0,0.0,0.0,0.0,0.0,0.0,58.0,0.0,0.0,0.0,0.0,0.0,0.0,0.0,0.0,0.0,966.0,0.0,0.0,0.0,0.0,0.0,0.0,0.0,0.0,0.0,0.0,0.0,316.0,0.0,0.0,17.0,0.0,0.0,0.0,0.0,30.0,0.0,0.0,0.0,0.0,295.0,168.0,0.0,0.0,0.0,0.0,0.0,0.0,323.0,0.0,0.0,0.0,15.0,22.0,0.0,0.0,0.0,0.0,53.0,0.0,0.0,0.0,307.0,0.0,-70.01665,-20.954375,651.06,SG1,SG1_hill
Feb7-3_SPA,0.0,0.0,468.0,0.0,0.0,44.0,0.0,0.0,0.0,18.0,0.0,66.0,0.0,0.0,0.0,0.0,112.0,0.0,0.0,0.0,48.0,0.0,0.0,0.0,0.0,0.0,0.0,0.0,0.0,0.0,0.0,0.0,0.0,0.0,0.0,0.0,0.0,0.0,0.0,0.0,0.0,0.0,0.0,0.0,0.0,1153.0,0.0,0.0,0.0,0.0,0.0,0.0,0.0,0.0,0.0,0.0,0.0,459.0,0.0,0.0,40.0,0.0,247.0,0.0,0.0,30.0,0.0,55.0,0.0,0.0,512.0,0.0,0.0,0.0,0.0,0.0,0.0,0.0,176.0,0.0,0.0,0.0,0.0,0.0,18.0,0.0,0.0,0.0,22.0,0.0,0.0,0.0,258.0,0.0,-70.019562,-20.953324,680.95,SG1,SG1_hill
Feb7-6_SPA,0.0,0.0,284.0,0.0,0.0,0.0,0.0,0.0,0.0,24.0,0.0,86.0,0.0,0.0,0.0,0.0,0.0,0.0,0.0,0.0,0.0,0.0,0.0,0.0,0.0,0.0,0.0,0.0,0.0,0.0,0.0,0.0,30.0,0.0,0.0,0.0,0.0,0.0,0.0,0.0,0.0,0.0,0.0,0.0,0.0,553.0,0.0,26.0,38.0,0.0,0.0,0.0,0.0,0.0,123.0,0.0,608.0,678.0,0.0,0.0,153.0,0.0,0.0,0.0,0.0,41.0,0.0,0.0,0.0,0.0,512.0,64.0,0.0,0.0,5.0,0.0,9.0,0.0,70.0,0.0,0.0,0.0,0.0,0.0,0.0,18.0,0.0,0.0,0.0,0.0,0.0,0.0,110.0,0.0,-70.019202,-20.953471,671.96,SG1,SG1_hill
Feb7-9_SPA,0.0,0.0,363.0,59.0,0.0,16.0,0.0,0.0,0.0,43.0,0.0,234.0,0.0,0.0,0.0,0.0,0.0,0.0,0.0,0.0,16.0,0.0,0.0,0.0,0.0,0.0,0.0,0.0,0.0,0.0,0.0,0.0,0.0,0.0,0.0,45.0,0.0,0.0,0.0,63.0,0.0,0.0,0.0,0.0,0.0,485.0,73.0,0.0,0.0,0.0,0.0,0.0,0.0,0.0,85.0,0.0,254.0,185.0,0.0,0.0,0.0,0.0,0.0,0.0,0.0,97.0,0.0,93.0,0.0,0.0,420.0,0.0,0.0,0.0,0.0,0.0,0.0,0.0,92.0,0.0,0.0,0.0,15.0,17.0,0.0,0.0,0.0,0.0,43.0,0.0,0.0,0.0,182.0,0.0,-70.019003,-20.953622,662.59,SG1,SG1_hill
Feb8-12_SPA,0.0,0.0,281.0,0.0,0.0,0.0,0.0,0.0,0.0,0.0,0.0,46.0,0.0,0.0,0.0,0.0,0.0,185.0,0.0,0.0,0.0,0.0,0.0,0.0,0.0,0.0,0.0,0.0,0.0,0.0,0.0,0.0,0.0,0.0,0.0,0.0,50.0,0.0,0.0,0.0,0.0,0.0,0.0,0.0,0.0,194.0,0.0,0.0,0.0,0.0,0.0,0.0,0.0,0.0,69.0,0.0,0.0,323.0,37.0,0.0,0.0,0.0,0.0,0.0,0.0,0.0,0.0,0.0,0.0,0.0,121.0,33.0,0.0,0.0,0.0,0.0,0.0,0.0,641.0,0.0,0.0,0.0,0.0,0.0,0.0,0.0,0.0,0.0,0.0,0.0,0.0,0.0,323.0,0.0,-70.012715,-20.930939000000002,655.79,SG1,SG1-N_hill
Feb8-15_SPA,0.0,0.0,271.0,0.0,0.0,28.0,0.0,0.0,0.0,0.0,0.0,158.0,0.0,0.0,0.0,0.0,0.0,0.0,45.0,0.0,0.0,0.0,0.0,0.0,0.0,0.0,0.0,0.0,0.0,0.0,0.0,0.0,0.0,0.0,45.0,69.0,183.0,0.0,0.0,0.0,0.0,0.0,0.0,0.0,0.0,411.0,0.0,0.0,57.0,0.0,0.0,0.0,34.0,0.0,0.0,0.0,0.0,367.0,0.0,0.0,22.0,0.0,0.0,0.0,0.0,0.0,0.0,0.0,220.0,0.0,103.0,0.0,0.0,0.0,0.0,0.0,0.0,0.0,610.0,0.0,0.0,0.0,9.0,0.0,0.0,26.0,0.0,0.0,23.0,0.0,0.0,0.0,220.0,0.0,-70.012341,-20.93136,652.13,SG1,SG1-N_hill
Feb8-19_SPA,0.0,0.0,172.0,0.0,0.0,0.0,0.0,0.0,0.0,0.0,0.0,128.0,0.0,0.0,0.0,0.0,0.0,122.0,0.0,0.0,0.0,0.0,0.0,0.0,0.0,0.0,0.0,0.0,0.0,0.0,0.0,0.0,0.0,0.0,0.0,68.0,202.0,0.0,0.0,0.0,0.0,0.0,0.0,0.0,0.0,449.0,0.0,0.0,0.0,0.0,0.0,0.0,0.0,0.0,0.0,0.0,49.0,407.0,0.0,0.0,0.0,0.0,0.0,0.0,0.0,7.0,0.0,0.0,288.0,0.0,0.0,0.0,0.0,0.0,0.0,0.0,0.0,0.0,473.0,0.0,0.0,0.0,8.0,0.0,0.0,0.0,0.0,0.0,0.0,0.0,0.0,0.0,107.0,0.0,-70.011177,-20.932620999999997,651.24,SG1,SG1-N_hill
Feb8-2_SPA,0.0,0.0,178.0,0.0,0.0,0.0,0.0,0.0,0.0,0.0,0.0,73.0,0.0,0.0,0.0,0.0,0.0,207.0,0.0,0.0,0.0,0.0,0.0,0.0,0.0,0.0,0.0,0.0,0.0,0.0,0.0,0.0,0.0,0.0,0.0,51.0,0.0,87.0,0.0,0.0,0.0,0.0,0.0,0.0,0.0,370.0,0.0,0.0,0.0,0.0,0.0,0.0,0.0,0.0,0.0,0.0,0.0,15.0,0.0,0.0,0.0,0.0,0.0,0.0,0.0,0.0,0.0,0.0,63.0,0.0,64.0,0.0,0.0,0.0,0.0,0.0,0.0,0.0,101.0,0.0,0.0,0.0,0.0,0.0,0.0,0.0,0.0,0.0,0.0,0.0,0.0,0.0,99.0,0.0,-70.013349,-20.930313,662.52,SG1,SG1-N_hill
Feb8-23_SPA,0.0,0.0,294.0,0.0,0.0,0.0,0.0,0.0,0.0,0.0,0.0,136.0,0.0,0.0,0.0,0.0,0.0,139.0,0.0,0.0,0.0,0.0,0.0,0.0,0.0,0.0,0.0,0.0,0.0,0.0,0.0,0.0,0.0,0.0,0.0,107.0,220.0,0.0,0.0,0.0,0.0,0.0,0.0,0.0,0.0,237.0,0.0,0.0,0.0,0.0,0.0,0.0,0.0,0.0,0.0,0.0,0.0,422.0,0.0,0.0,0.0,0.0,0.0,0.0,0.0,14.0,0.0,35.0,171.0,0.0,0.0,0.0,0.0,0.0,0.0,0.0,0.0,0.0,771.0,0.0,0.0,0.0,9.0,11.0,0.0,0.0,0.0,0.0,15.0,0.0,0.0,0.0,89.0,0.0,-70.009465,-20.934492000000002,648.06,SG1,SG1-N_hill
Feb8-27_SPA,0.0,0.0,321.0,0.0,0.0,0.0,0.0,0.0,0.0,0.0,0.0,126.0,0.0,0.0,0.0,0.0,0.0,156.0,0.0,0.0,0.0,0.0,0.0,0.0,0.0,0.0,0.0,0.0,0.0,0.0,0.0,0.0,0.0,0.0,0.0,101.0,176.0,0.0,0.0,0.0,0.0,0.0,0.0,0.0,0.0,320.0,0.0,0.0,0.0,0.0,0.0,0.0,0.0,0.0,0.0,0.0,221.0,664.0,0.0,0.0,0.0,0.0,0.0,0.0,0.0,0.0,0.0,0.0,67.0,0.0,317.0,50.0,0.0,0.0,0.0,0.0,0.0,0.0,763.0,0.0,0.0,0.0,0.0,0.0,22.0,16.0,0.0,0.0,32.0,0.0,0.0,0.0,365.0,0.0,-70.007632,-20.936442,647.26,SG1,SG1-N_hill-flat
Feb8-32_SPA,0.0,0.0,352.0,0.0,0.0,0.0,20.0,0.0,0.0,0.0,0.0,91.0,0.0,0.0,0.0,0.0,0.0,91.0,0.0,0.0,0.0,0.0,0.0,0.0,0.0,0.0,0.0,0.0,0.0,0.0,0.0,0.0,0.0,0.0,0.0,0.0,0.0,0.0,0.0,0.0,0.0,0.0,0.0,0.0,0.0,0.0,0.0,0.0,259.0,0.0,0.0,0.0,0.0,0.0,0.0,0.0,0.0,266.0,0.0,0.0,0.0,0.0,0.0,0.0,0.0,0.0,0.0,0.0,0.0,0.0,139.0,0.0,0.0,0.0,0.0,0.0,0.0,0.0,211.0,0.0,0.0,0.0,0.0,0.0,0.0,0.0,0.0,0.0,0.0,0.0,0.0,0.0,133.0,0.0,-70.006412,-20.937964,643.75,SG1,SG1-N_hill-flat
Feb8-33_SPA,0.0,0.0,335.0,0.0,0.0,55.0,0.0,0.0,0.0,0.0,0.0,200.0,0.0,0.0,0.0,0.0,0.0,189.0,0.0,0.0,0.0,0.0,18.0,0.0,0.0,0.0,0.0,0.0,0.0,0.0,0.0,0.0,12.0,0.0,0.0,46.0,281.0,0.0,0.0,0.0,0.0,0.0,0.0,0.0,0.0,741.0,0.0,0.0,0.0,0.0,0.0,0.0,0.0,0.0,0.0,0.0,0.0,545.0,0.0,0.0,0.0,0.0,0.0,0.0,0.0,0.0,0.0,47.0,0.0,0.0,369.0,0.0,0.0,0.0,0.0,0.0,0.0,0.0,668.0,0.0,0.0,0.0,0.0,0.0,0.0,0.0,0.0,0.0,0.0,0.0,0.0,0.0,286.0,0.0,-70.006401,-20.938223,644.27,SG1,PLAIN
Feb8-35_SPA,0.0,0.0,411.0,33.0,0.0,21.0,0.0,0.0,0.0,0.0,0.0,69.0,0.0,0.0,0.0,0.0,0.0,0.0,0.0,0.0,0.0,0.0,10.0,0.0,0.0,0.0,0.0,0.0,0.0,0.0,55.0,0.0,53.0,0.0,0.0,76.0,289.0,0.0,114.0,0.0,30.0,0.0,0.0,0.0,0.0,932.0,0.0,38.0,0.0,0.0,0.0,0.0,0.0,0.0,0.0,0.0,0.0,252.0,0.0,0.0,0.0,0.0,0.0,0.0,0.0,0.0,0.0,0.0,16.0,0.0,322.0,0.0,0.0,0.0,0.0,0.0,0.0,0.0,350.0,0.0,0.0,0.0,0.0,0.0,0.0,0.0,0.0,0.0,0.0,0.0,0.0,0.0,412.0,0.0,-70.006619,-20.939229,644.7,SG1,PLAIN
Feb8-37_SPA,0.0,0.0,541.0,0.0,0.0,0.0,0.0,0.0,0.0,0.0,0.0,209.0,0.0,0.0,0.0,0.0,0.0,147.0,0.0,0.0,0.0,0.0,0.0,0.0,0.0,0.0,0.0,0.0,0.0,0.0,0.0,0.0,0.0,0.0,0.0,0.0,0.0,0.0,124.0,0.0,0.0,0.0,0.0,0.0,0.0,370.0,0.0,0.0,339.0,0.0,72.0,28.0,0.0,0.0,0.0,0.0,51.0,165.0,14.0,0.0,43.0,0.0,0.0,0.0,0.0,0.0,7.0,0.0,0.0,0.0,323.0,0.0,0.0,0.0,0.0,0.0,0.0,0.0,269.0,0.0,0.0,0.0,0.0,0.0,34.0,12.0,0.0,0.0,33.0,0.0,0.0,0.0,488.0,0.0,-70.006895,-20.941285999999998,644.0,SG1,PLAIN
Feb8-39_SPA,0.0,0.0,307.0,0.0,0.0,74.0,0.0,0.0,71.0,0.0,0.0,279.0,0.0,0.0,0.0,0.0,0.0,0.0,0.0,0.0,0.0,10.0,0.0,0.0,0.0,0.0,0.0,0.0,0.0,0.0,52.0,0.0,0.0,0.0,51.0,48.0,0.0,0.0,0.0,236.0,0.0,0.0,0.0,0.0,0.0,519.0,0.0,0.0,139.0,0.0,0.0,0.0,73.0,0.0,32.0,0.0,44.0,759.0,17.0,0.0,0.0,0.0,165.0,0.0,0.0,31.0,0.0,8.0,40.0,0.0,375.0,0.0,0.0,0.0,0.0,0.0,0.0,0.0,417.0,0.0,0.0,0.0,0.0,38.0,0.0,34.0,0.0,0.0,68.0,0.0,0.0,13.0,474.0,0.0,-70.00713499999999,-20.943448999999998,643.36,SG1,PLAIN
Feb8-41_SPA,0.0,0.0,531.0,0.0,0.0,0.0,0.0,0.0,0.0,0.0,0.0,176.0,0.0,0.0,0.0,43.0,0.0,84.0,0.0,0.0,0.0,0.0,60.0,0.0,0.0,0.0,9.0,0.0,0.0,0.0,0.0,0.0,40.0,0.0,0.0,100.0,0.0,166.0,0.0,0.0,0.0,0.0,0.0,0.0,23.0,957.0,0.0,0.0,112.0,0.0,0.0,0.0,30.0,0.0,0.0,0.0,127.0,513.0,0.0,0.0,8.0,0.0,98.0,0.0,0.0,12.0,0.0,23.0,0.0,0.0,573.0,0.0,0.0,0.0,0.0,0.0,0.0,0.0,387.0,0.0,0.0,0.0,20.0,21.0,0.0,0.0,0.0,0.0,31.0,0.0,0.0,0.0,362.0,0.0,-70.007264,-20.945467999999998,641.97,SG1,PLAIN
Feb8-43_SPA,0.0,0.0,339.0,26.0,0.0,0.0,26.0,0.0,0.0,34.0,0.0,0.0,0.0,0.0,0.0,0.0,0.0,65.0,0.0,0.0,0.0,0.0,0.0,0.0,0.0,0.0,21.0,0.0,0.0,0.0,43.0,0.0,44.0,0.0,125.0,70.0,442.0,194.0,0.0,0.0,0.0,0.0,0.0,0.0,48.0,262.0,0.0,0.0,260.0,0.0,0.0,0.0,0.0,0.0,0.0,0.0,0.0,287.0,17.0,0.0,32.0,0.0,0.0,0.0,0.0,0.0,0.0,0.0,35.0,0.0,333.0,0.0,0.0,0.0,0.0,0.0,0.0,0.0,262.0,0.0,0.0,0.0,0.0,0.0,0.0,0.0,0.0,0.0,0.0,0.0,0.0,0.0,371.0,0.0,-70.007832,-20.947195,643.67,SG1,PLAIN
Feb8-45_SPA,0.0,0.0,350.0,60.0,0.0,0.0,13.0,0.0,0.0,0.0,0.0,93.0,0.0,0.0,0.0,0.0,0.0,104.0,0.0,0.0,0.0,0.0,0.0,0.0,0.0,0.0,0.0,0.0,0.0,0.0,0.0,0.0,28.0,0.0,0.0,65.0,127.0,0.0,134.0,0.0,35.0,0.0,0.0,0.0,0.0,1013.0,0.0,0.0,292.0,0.0,0.0,0.0,0.0,0.0,0.0,0.0,0.0,237.0,7.0,0.0,0.0,0.0,48.0,0.0,0.0,23.0,13.0,0.0,0.0,0.0,279.0,0.0,0.0,0.0,0.0,0.0,0.0,18.0,232.0,0.0,0.0,0.0,0.0,0.0,0.0,13.0,0.0,0.0,19.0,0.0,0.0,0.0,546.0,0.0,-70.008064,-20.948477,645.02,SG1,PLAIN
Feb8-47_SPA,0.0,0.0,332.0,0.0,0.0,0.0,0.0,0.0,0.0,0.0,0.0,161.0,0.0,0.0,0.0,0.0,0.0,367.0,0.0,61.0,0.0,0.0,17.0,0.0,0.0,0.0,0.0,0.0,0.0,0.0,0.0,0.0,27.0,0.0,0.0,66.0,0.0,111.0,203.0,0.0,0.0,0.0,0.0,0.0,0.0,926.0,140.0,0.0,94.0,0.0,0.0,0.0,96.0,0.0,0.0,0.0,84.0,493.0,14.0,0.0,14.0,0.0,133.0,0.0,0.0,41.0,0.0,0.0,0.0,0.0,456.0,0.0,0.0,0.0,0.0,0.0,0.0,0.0,630.0,0.0,0.0,0.0,0.0,29.0,0.0,0.0,0.0,0.0,37.0,0.0,0.0,0.0,445.0,0.0,-70.00841,-20.949647,645.64,SG1,PLAIN
Feb8-49_SPA,0.0,0.0,378.0,0.0,0.0,0.0,0.0,0.0,0.0,0.0,0.0,88.0,0.0,0.0,0.0,0.0,0.0,144.0,0.0,0.0,0.0,0.0,0.0,0.0,0.0,0.0,0.0,0.0,0.0,0.0,61.0,0.0,0.0,0.0,18.0,74.0,247.0,0.0,0.0,0.0,0.0,0.0,0.0,0.0,0.0,497.0,0.0,0.0,0.0,0.0,0.0,0.0,0.0,0.0,0.0,0.0,106.0,595.0,0.0,0.0,0.0,0.0,25.0,0.0,0.0,31.0,0.0,0.0,52.0,0.0,394.0,0.0,0.0,0.0,0.0,0.0,0.0,0.0,513.0,0.0,0.0,0.0,0.0,0.0,0.0,0.0,0.0,0.0,49.0,0.0,0.0,0.0,259.0,0.0,-70.008628,-20.950634,646.46,SG1,PLAIN
Feb8-5_SPA,0.0,0.0,425.0,0.0,0.0,0.0,0.0,0.0,0.0,0.0,0.0,39.0,0.0,0.0,0.0,0.0,0.0,113.0,0.0,0.0,0.0,0.0,0.0,0.0,0.0,0.0,0.0,0.0,0.0,0.0,0.0,0.0,0.0,0.0,0.0,53.0,0.0,0.0,0.0,0.0,0.0,0.0,0.0,0.0,0.0,404.0,0.0,0.0,0.0,32.0,0.0,0.0,0.0,0.0,0.0,0.0,0.0,147.0,0.0,0.0,0.0,0.0,21.0,0.0,0.0,0.0,0.0,124.0,0.0,0.0,207.0,0.0,0.0,0.0,0.0,0.0,0.0,0.0,198.0,0.0,0.0,0.0,26.0,0.0,0.0,0.0,0.0,0.0,0.0,0.0,0.0,0.0,179.0,12.0,-70.01321800000001,-20.930557,661.77,SG1,SG1-N_hill
Feb8-51_SPA,0.0,0.0,660.0,31.0,0.0,0.0,29.0,0.0,0.0,0.0,0.0,95.0,0.0,0.0,0.0,0.0,0.0,55.0,0.0,0.0,0.0,0.0,0.0,0.0,0.0,0.0,44.0,0.0,0.0,0.0,0.0,0.0,56.0,0.0,0.0,67.0,309.0,0.0,0.0,0.0,0.0,35.0,0.0,0.0,0.0,497.0,0.0,0.0,65.0,0.0,0.0,0.0,0.0,0.0,0.0,0.0,87.0,755.0,0.0,0.0,46.0,0.0,0.0,0.0,0.0,0.0,0.0,0.0,0.0,0.0,529.0,0.0,0.0,0.0,0.0,0.0,0.0,0.0,858.0,0.0,0.0,0.0,0.0,0.0,0.0,19.0,0.0,0.0,0.0,0.0,0.0,0.0,454.0,0.0,-70.008875,-20.952092,646.79,SG1,PLAIN
Feb8-53_SPA,0.0,0.0,692.0,0.0,0.0,0.0,32.0,0.0,0.0,0.0,0.0,101.0,0.0,0.0,0.0,0.0,0.0,92.0,5.0,0.0,0.0,0.0,0.0,0.0,0.0,0.0,43.0,32.0,0.0,0.0,0.0,0.0,0.0,0.0,0.0,83.0,0.0,0.0,0.0,0.0,0.0,0.0,0.0,0.0,0.0,581.0,0.0,0.0,0.0,0.0,0.0,0.0,0.0,0.0,0.0,0.0,0.0,726.0,0.0,0.0,30.0,0.0,0.0,0.0,4.0,0.0,0.0,0.0,292.0,0.0,675.0,0.0,0.0,0.0,0.0,0.0,0.0,300.0,911.0,0.0,0.0,0.0,0.0,0.0,0.0,0.0,0.0,0.0,21.0,0.0,0.0,0.0,362.0,0.0,-70.008862,-20.953301,647.87,SG1,PLAIN
Feb8-55_SPA,0.0,0.0,264.0,58.0,0.0,0.0,0.0,48.0,0.0,0.0,0.0,307.0,0.0,0.0,0.0,0.0,0.0,421.0,0.0,13.0,0.0,0.0,0.0,0.0,0.0,0.0,0.0,0.0,0.0,0.0,0.0,0.0,0.0,62.0,0.0,110.0,260.0,0.0,0.0,0.0,0.0,0.0,0.0,0.0,63.0,369.0,0.0,0.0,108.0,0.0,0.0,0.0,0.0,0.0,0.0,0.0,0.0,697.0,0.0,0.0,0.0,0.0,0.0,0.0,0.0,0.0,0.0,0.0,0.0,0.0,307.0,94.0,0.0,0.0,0.0,0.0,0.0,12.0,978.0,0.0,0.0,0.0,0.0,44.0,0.0,0.0,0.0,0.0,29.0,0.0,0.0,0.0,690.0,0.0,-70.00888499999999,-20.954514,647.05,SG1,PLAIN
Feb8-61_SPA,0.0,0.0,182.0,0.0,0.0,43.0,0.0,0.0,36.0,0.0,0.0,61.0,0.0,0.0,0.0,51.0,0.0,58.0,0.0,90.0,0.0,0.0,0.0,0.0,0.0,0.0,0.0,0.0,0.0,0.0,0.0,0.0,0.0,0.0,0.0,43.0,0.0,152.0,0.0,0.0,0.0,0.0,0.0,0.0,0.0,320.0,0.0,0.0,0.0,0.0,0.0,0.0,35.0,0.0,0.0,0.0,0.0,179.0,0.0,0.0,66.0,0.0,64.0,0.0,0.0,0.0,0.0,0.0,0.0,0.0,212.0,0.0,0.0,0.0,0.0,0.0,0.0,0.0,190.0,0.0,0.0,0.0,0.0,0.0,0.0,8.0,0.0,0.0,0.0,0.0,0.0,0.0,98.0,0.0,-70.011569,-20.955563,649.24,SG1,SG1_hill-flat
Feb8-65_SPA,0.0,0.0,480.0,0.0,0.0,0.0,0.0,0.0,42.0,0.0,0.0,0.0,0.0,0.0,0.0,0.0,0.0,0.0,0.0,45.0,0.0,0.0,16.0,0.0,0.0,0.0,39.0,0.0,0.0,0.0,56.0,0.0,0.0,0.0,0.0,41.0,0.0,0.0,260.0,0.0,0.0,0.0,0.0,0.0,37.0,760.0,0.0,0.0,0.0,0.0,0.0,0.0,0.0,0.0,0.0,0.0,194.0,434.0,0.0,0.0,48.0,0.0,0.0,0.0,0.0,12.0,0.0,0.0,0.0,0.0,351.0,0.0,0.0,0.0,0.0,0.0,0.0,0.0,295.0,0.0,0.0,0.0,0.0,0.0,3.0,13.0,0.0,0.0,14.0,0.0,0.0,0.0,287.0,0.0,-70.014077,-20.955154,646.94,SG1,SG1_hill-flat
Feb8-7_SPA,0.0,0.0,180.0,0.0,0.0,0.0,0.0,0.0,0.0,0.0,0.0,73.0,0.0,0.0,0.0,0.0,0.0,136.0,0.0,0.0,0.0,0.0,0.0,0.0,0.0,0.0,0.0,0.0,0.0,0.0,0.0,0.0,0.0,0.0,0.0,98.0,0.0,0.0,76.0,0.0,0.0,0.0,0.0,0.0,0.0,578.0,0.0,0.0,0.0,0.0,0.0,0.0,0.0,0.0,68.0,0.0,0.0,147.0,13.0,0.0,0.0,0.0,0.0,0.0,0.0,0.0,0.0,0.0,75.0,0.0,68.0,50.0,0.0,0.0,0.0,0.0,0.0,0.0,321.0,0.0,0.0,0.0,0.0,0.0,0.0,0.0,0.0,0.0,17.0,0.0,0.0,0.0,194.0,0.0,-70.013062,-20.93065,660.74,SG1,SG1-N_hill
Feb8-9_SPA,0.0,0.0,0.0,0.0,0.0,0.0,0.0,0.0,0.0,0.0,0.0,85.0,0.0,0.0,0.0,0.0,0.0,121.0,0.0,0.0,0.0,0.0,0.0,0.0,0.0,0.0,0.0,0.0,0.0,0.0,0.0,0.0,0.0,0.0,0.0,0.0,0.0,98.0,0.0,0.0,0.0,0.0,0.0,0.0,12.0,331.0,0.0,0.0,0.0,0.0,0.0,0.0,0.0,0.0,0.0,0.0,0.0,318.0,11.0,0.0,0.0,0.0,0.0,0.0,0.0,5.0,0.0,0.0,0.0,0.0,179.0,0.0,0.0,0.0,0.0,0.0,0.0,0.0,304.0,0.0,0.0,0.0,0.0,0.0,0.0,0.0,0.0,0.0,0.0,0.0,0.0,0.0,163.0,0.0,-70.012966,-20.930765,658.93,SG1,SG1-N_hill
Feb9-1-a_SPA,0.0,0.0,491.0,112.0,0.0,41.0,0.0,86.0,0.0,0.0,0.0,67.0,0.0,0.0,0.0,0.0,0.0,0.0,0.0,0.0,0.0,0.0,0.0,0.0,0.0,0.0,27.0,0.0,0.0,0.0,0.0,0.0,0.0,0.0,0.0,0.0,0.0,165.0,0.0,0.0,0.0,0.0,0.0,0.0,0.0,318.0,168.0,0.0,0.0,0.0,0.0,0.0,53.0,0.0,0.0,0.0,0.0,539.0,18.0,0.0,43.0,0.0,41.0,0.0,0.0,26.0,0.0,0.0,226.0,0.0,474.0,27.0,0.0,0.0,0.0,0.0,0.0,0.0,626.0,0.0,0.0,0.0,25.0,27.0,0.0,76.0,0.0,0.0,83.0,0.0,0.0,0.0,324.0,0.0,-70.004644,-21.15292,687.69,SG2,SG2-flat
Feb9-1-b_SPA,0.0,0.0,0.0,110.0,56.0,0.0,0.0,123.0,0.0,24.0,0.0,105.0,0.0,0.0,210.0,43.0,0.0,147.0,0.0,0.0,0.0,0.0,0.0,0.0,74.0,0.0,0.0,0.0,0.0,0.0,0.0,0.0,0.0,0.0,0.0,0.0,0.0,0.0,0.0,0.0,0.0,0.0,0.0,0.0,0.0,538.0,0.0,0.0,154.0,0.0,0.0,0.0,0.0,0.0,0.0,0.0,0.0,0.0,0.0,0.0,0.0,0.0,0.0,0.0,0.0,0.0,0.0,0.0,0.0,0.0,183.0,0.0,0.0,0.0,0.0,0.0,0.0,50.0,0.0,0.0,0.0,0.0,0.0,0.0,0.0,0.0,0.0,34.0,0.0,0.0,0.0,0.0,725.0,0.0,-70.004644,-21.15292,687.69,SG2,SG2-flat
Feb9-2-a_SPA,0.0,0.0,446.0,0.0,0.0,0.0,0.0,80.0,0.0,0.0,0.0,40.0,0.0,0.0,0.0,0.0,0.0,0.0,0.0,0.0,0.0,0.0,0.0,0.0,0.0,0.0,40.0,0.0,0.0,0.0,0.0,0.0,0.0,0.0,0.0,0.0,0.0,0.0,0.0,0.0,0.0,0.0,0.0,19.0,6.0,0.0,0.0,42.0,380.0,0.0,0.0,0.0,0.0,0.0,0.0,0.0,0.0,26.0,0.0,14.0,21.0,0.0,0.0,0.0,13.0,0.0,0.0,0.0,418.0,0.0,95.0,6.0,33.0,0.0,0.0,0.0,0.0,3150.0,49.0,367.0,0.0,17.0,0.0,0.0,34.0,0.0,0.0,101.0,0.0,22.0,0.0,0.0,116.0,0.0,-70.006674,-21.15279,686.93,SG2,SG2-flat
Feb9-2-b_SPA,0.0,0.0,0.0,0.0,0.0,0.0,30.0,249.0,0.0,0.0,58.0,82.0,0.0,0.0,249.0,0.0,0.0,43.0,0.0,0.0,0.0,0.0,0.0,0.0,0.0,48.0,0.0,0.0,75.0,0.0,0.0,0.0,56.0,0.0,0.0,0.0,0.0,156.0,0.0,0.0,0.0,0.0,0.0,0.0,0.0,689.0,0.0,0.0,0.0,0.0,0.0,0.0,0.0,0.0,0.0,0.0,0.0,0.0,0.0,0.0,27.0,0.0,46.0,0.0,0.0,0.0,0.0,0.0,53.0,0.0,252.0,169.0,0.0,0.0,0.0,0.0,0.0,450.0,0.0,0.0,0.0,0.0,0.0,0.0,0.0,0.0,0.0,243.0,0.0,0.0,0.0,0.0,748.0,26.0,-70.006674,-21.15279,686.93,SG2,SG2-flat
Feb9-3-a_SPA,0.0,0.0,308.0,0.0,0.0,0.0,0.0,0.0,0.0,0.0,0.0,36.0,0.0,0.0,0.0,0.0,0.0,0.0,0.0,0.0,0.0,0.0,0.0,0.0,0.0,0.0,39.0,0.0,0.0,0.0,0.0,0.0,43.0,0.0,0.0,0.0,0.0,0.0,0.0,0.0,0.0,0.0,96.0,146.0,0.0,0.0,0.0,0.0,208.0,0.0,0.0,0.0,0.0,0.0,0.0,0.0,0.0,52.0,0.0,0.0,0.0,0.0,0.0,0.0,0.0,0.0,0.0,0.0,416.0,0.0,288.0,0.0,0.0,0.0,24.0,0.0,0.0,79.0,125.0,0.0,0.0,0.0,0.0,0.0,0.0,0.0,0.0,62.0,0.0,19.0,0.0,0.0,273.0,39.0,-70.008659,-21.152838,684.22,SG2,SG2-flat
Feb9-3-b_SPA,0.0,0.0,512.0,0.0,177.0,0.0,35.0,0.0,0.0,0.0,0.0,132.0,0.0,0.0,0.0,120.0,0.0,0.0,0.0,0.0,0.0,0.0,0.0,0.0,0.0,0.0,0.0,0.0,0.0,0.0,0.0,0.0,0.0,0.0,0.0,71.0,0.0,0.0,0.0,0.0,0.0,0.0,0.0,0.0,0.0,101.0,0.0,0.0,473.0,0.0,0.0,0.0,0.0,0.0,161.0,0.0,0.0,366.0,0.0,0.0,69.0,0.0,67.0,0.0,37.0,0.0,0.0,0.0,0.0,0.0,741.0,0.0,0.0,76.0,0.0,0.0,0.0,218.0,1022.0,0.0,0.0,0.0,0.0,60.0,0.0,49.0,0.0,318.0,0.0,0.0,7.0,0.0,108.0,3.0,-70.008659,-21.152838,684.22,SG2,SG2-flat
Feb9-4-11_SPA,0.0,0.0,0.0,0.0,230.0,27.0,0.0,72.0,0.0,10.0,19.0,135.0,0.0,0.0,171.0,0.0,0.0,0.0,0.0,0.0,0.0,0.0,0.0,86.0,82.0,145.0,0.0,68.0,0.0,0.0,0.0,0.0,0.0,0.0,0.0,0.0,0.0,155.0,0.0,0.0,0.0,0.0,0.0,0.0,0.0,268.0,0.0,0.0,163.0,0.0,0.0,0.0,0.0,0.0,0.0,193.0,0.0,29.0,0.0,0.0,0.0,0.0,18.0,0.0,0.0,0.0,0.0,0.0,0.0,0.0,324.0,0.0,0.0,0.0,0.0,0.0,0.0,0.0,0.0,0.0,0.0,0.0,0.0,0.0,0.0,0.0,0.0,0.0,0.0,0.0,0.0,0.0,236.0,0.0,-70.009947,-21.150701,682.52,SG2,SG2-hill
Feb9-4-14_SPA,0.0,0.0,313.0,119.0,0.0,0.0,0.0,49.0,0.0,0.0,49.0,64.0,0.0,106.0,0.0,0.0,32.0,0.0,0.0,0.0,0.0,0.0,0.0,0.0,0.0,0.0,19.0,0.0,0.0,0.0,0.0,0.0,33.0,0.0,0.0,0.0,0.0,0.0,0.0,0.0,0.0,0.0,0.0,61.0,0.0,94.0,121.0,0.0,81.0,0.0,0.0,0.0,0.0,0.0,67.0,0.0,37.0,323.0,0.0,0.0,0.0,0.0,0.0,0.0,0.0,0.0,0.0,0.0,396.0,220.0,0.0,0.0,0.0,122.0,31.0,0.0,0.0,0.0,856.0,34.0,0.0,0.0,0.0,32.0,0.0,0.0,0.0,167.0,0.0,80.0,0.0,0.0,102.0,0.0,-70.009738,-21.150370000000002,685.12,SG2,SG2-hill
Feb9-4-17_SPA,0.0,0.0,0.0,157.0,164.0,33.0,0.0,58.0,0.0,0.0,0.0,128.0,0.0,0.0,41.0,0.0,238.0,0.0,0.0,0.0,0.0,0.0,0.0,0.0,0.0,0.0,0.0,32.0,0.0,0.0,0.0,0.0,126.0,0.0,0.0,0.0,0.0,82.0,0.0,0.0,0.0,0.0,0.0,67.0,0.0,0.0,155.0,0.0,179.0,0.0,0.0,0.0,0.0,0.0,0.0,0.0,0.0,222.0,0.0,0.0,0.0,0.0,0.0,0.0,52.0,0.0,0.0,0.0,497.0,0.0,523.0,0.0,0.0,21.0,0.0,0.0,0.0,0.0,0.0,127.0,20.0,0.0,0.0,16.0,0.0,0.0,0.0,0.0,0.0,264.0,12.0,0.0,46.0,0.0,-70.009589,-21.150066,687.21,SG2,SG2-hill
Feb9-4-2_SPA,0.0,0.0,591.0,51.0,0.0,50.0,0.0,0.0,0.0,0.0,0.0,0.0,0.0,0.0,0.0,94.0,0.0,0.0,35.0,0.0,0.0,0.0,0.0,0.0,0.0,98.0,30.0,0.0,0.0,0.0,0.0,0.0,0.0,0.0,0.0,135.0,0.0,0.0,0.0,0.0,0.0,0.0,0.0,40.0,0.0,547.0,0.0,0.0,377.0,0.0,0.0,0.0,21.0,20.0,141.0,0.0,0.0,170.0,0.0,0.0,213.0,0.0,0.0,68.0,19.0,0.0,0.0,0.0,0.0,0.0,399.0,0.0,0.0,0.0,8.0,9.0,0.0,96.0,61.0,0.0,0.0,0.0,0.0,0.0,0.0,0.0,0.0,0.0,23.0,0.0,0.0,0.0,126.0,0.0,-70.01054,-21.152331,680.46,SG2,SG2-hill
Feb9-4-20_SPA,0.0,0.0,319.0,0.0,94.0,0.0,0.0,41.0,0.0,0.0,0.0,68.0,0.0,0.0,0.0,0.0,0.0,0.0,0.0,0.0,0.0,0.0,0.0,0.0,0.0,0.0,0.0,0.0,0.0,0.0,0.0,0.0,0.0,0.0,0.0,0.0,0.0,0.0,0.0,0.0,0.0,0.0,0.0,21.0,0.0,410.0,151.0,0.0,0.0,0.0,0.0,0.0,0.0,0.0,0.0,0.0,0.0,238.0,64.0,0.0,28.0,0.0,65.0,0.0,73.0,13.0,0.0,0.0,0.0,0.0,203.0,44.0,0.0,33.0,15.0,0.0,0.0,194.0,435.0,0.0,24.0,0.0,0.0,0.0,62.0,0.0,0.0,133.0,0.0,0.0,0.0,0.0,115.0,19.0,-70.009504,-21.149804,690.27,SG2,SG2-hill
Feb9-4-22_SPA,0.0,0.0,0.0,182.0,0.0,0.0,0.0,29.0,0.0,0.0,0.0,168.0,0.0,0.0,0.0,0.0,0.0,80.0,0.0,0.0,0.0,0.0,0.0,0.0,0.0,0.0,0.0,0.0,0.0,0.0,66.0,0.0,0.0,0.0,0.0,115.0,0.0,0.0,0.0,0.0,0.0,0.0,0.0,0.0,0.0,521.0,0.0,0.0,39.0,0.0,0.0,0.0,0.0,0.0,89.0,0.0,0.0,378.0,12.0,0.0,0.0,0.0,0.0,0.0,0.0,50.0,0.0,63.0,229.0,0.0,46.0,0.0,0.0,0.0,0.0,0.0,0.0,350.0,359.0,169.0,0.0,0.0,0.0,17.0,18.0,0.0,0.0,0.0,44.0,0.0,0.0,0.0,351.0,59.0,-70.00943000000001,-21.149611,692.7,SG2,SG2-hill
Feb9-4-24_SPA,0.0,0.0,406.0,0.0,0.0,0.0,88.0,0.0,0.0,0.0,0.0,204.0,0.0,0.0,0.0,0.0,0.0,81.0,0.0,0.0,0.0,0.0,0.0,0.0,0.0,0.0,0.0,0.0,0.0,37.0,0.0,0.0,0.0,0.0,0.0,63.0,0.0,0.0,0.0,0.0,0.0,0.0,0.0,88.0,0.0,455.0,0.0,0.0,0.0,0.0,0.0,0.0,0.0,0.0,0.0,0.0,0.0,0.0,0.0,0.0,0.0,0.0,0.0,0.0,0.0,14.0,0.0,0.0,195.0,0.0,29.0,50.0,0.0,0.0,0.0,0.0,0.0,449.0,0.0,304.0,0.0,0.0,0.0,27.0,0.0,0.0,18.0,40.0,0.0,0.0,0.0,0.0,263.0,31.0,-70.009336,-21.149383,697.5,SG2,SG2-hill
Feb9-4-26_SPA,0.0,0.0,0.0,139.0,0.0,19.0,0.0,130.0,0.0,0.0,44.0,198.0,0.0,0.0,0.0,0.0,0.0,69.0,0.0,0.0,0.0,0.0,0.0,0.0,0.0,0.0,0.0,0.0,0.0,0.0,0.0,0.0,49.0,0.0,0.0,0.0,0.0,0.0,0.0,0.0,0.0,0.0,0.0,29.0,0.0,178.0,0.0,0.0,0.0,0.0,0.0,0.0,0.0,0.0,0.0,0.0,0.0,0.0,0.0,0.0,0.0,0.0,0.0,0.0,0.0,0.0,0.0,0.0,75.0,0.0,450.0,93.0,0.0,218.0,0.0,0.0,0.0,865.0,26.0,631.0,19.0,0.0,0.0,0.0,0.0,0.0,0.0,326.0,0.0,0.0,0.0,0.0,451.0,61.0,-70.00921600000001,-21.149110999999998,698.83,SG2,SG2-hill
Feb9-4-28_SPA,0.0,0.0,188.0,0.0,0.0,18.0,0.0,64.0,0.0,0.0,0.0,234.0,0.0,0.0,0.0,94.0,0.0,0.0,0.0,0.0,0.0,0.0,0.0,0.0,0.0,0.0,0.0,0.0,0.0,0.0,0.0,0.0,35.0,0.0,0.0,0.0,0.0,89.0,0.0,0.0,0.0,0.0,0.0,0.0,0.0,0.0,133.0,0.0,144.0,0.0,0.0,0.0,0.0,0.0,0.0,0.0,67.0,41.0,0.0,0.0,0.0,0.0,77.0,0.0,0.0,0.0,0.0,0.0,401.0,0.0,106.0,0.0,0.0,0.0,0.0,0.0,0.0,214.0,351.0,0.0,0.0,0.0,0.0,25.0,0.0,0.0,43.0,153.0,46.0,0.0,0.0,0.0,211.0,37.0,-70.00912,-21.148864,702.99,SG2,SG2-hill
Feb9-4-30-a_SPA,0.0,0.0,0.0,0.0,0.0,0.0,0.0,118.0,0.0,0.0,0.0,434.0,0.0,0.0,424.0,0.0,0.0,80.0,0.0,0.0,0.0,0.0,0.0,0.0,0.0,0.0,0.0,0.0,0.0,0.0,0.0,0.0,0.0,0.0,0.0,0.0,0.0,0.0,0.0,0.0,0.0,0.0,0.0,0.0,0.0,0.0,206.0,0.0,0.0,0.0,0.0,0.0,0.0,0.0,0.0,0.0,0.0,247.0,0.0,0.0,0.0,0.0,0.0,0.0,0.0,0.0,0.0,0.0,0.0,0.0,265.0,123.0,0.0,0.0,0.0,0.0,0.0,859.0,215.0,469.0,0.0,0.0,0.0,0.0,0.0,0.0,0.0,0.0,47.0,0.0,113.0,0.0,101.0,100.0,-70.00891899999999,-21.148512,705.66,SG2,SG2-hill
Feb9-4-4_SPA,0.0,0.0,481.0,0.0,0.0,0.0,0.0,0.0,0.0,6.0,0.0,76.0,0.0,0.0,0.0,0.0,0.0,0.0,0.0,0.0,0.0,0.0,0.0,0.0,0.0,0.0,0.0,0.0,0.0,0.0,0.0,0.0,67.0,0.0,0.0,41.0,0.0,0.0,0.0,0.0,0.0,0.0,0.0,52.0,0.0,0.0,0.0,0.0,500.0,0.0,0.0,0.0,0.0,0.0,0.0,0.0,0.0,0.0,0.0,0.0,15.0,0.0,0.0,0.0,0.0,0.0,0.0,43.0,0.0,0.0,309.0,0.0,0.0,0.0,0.0,0.0,0.0,68.0,443.0,0.0,0.0,0.0,55.0,0.0,0.0,0.0,0.0,248.0,0.0,26.0,0.0,0.0,139.0,0.0,-70.01044399999999,-21.151938,679.95,SG2,SG2-hill
Feb9-4-6_SPA,0.0,0.0,0.0,0.0,0.0,0.0,0.0,59.0,0.0,0.0,0.0,44.0,0.0,0.0,140.0,0.0,0.0,95.0,0.0,0.0,0.0,0.0,0.0,0.0,0.0,0.0,0.0,0.0,0.0,0.0,0.0,0.0,0.0,0.0,0.0,0.0,0.0,0.0,0.0,0.0,0.0,0.0,0.0,0.0,0.0,0.0,170.0,0.0,0.0,0.0,0.0,0.0,0.0,0.0,0.0,0.0,0.0,0.0,0.0,0.0,0.0,0.0,0.0,0.0,0.0,0.0,0.0,0.0,0.0,0.0,214.0,129.0,0.0,0.0,0.0,0.0,0.0,823.0,0.0,605.0,0.0,0.0,0.0,0.0,0.0,0.0,0.0,0.0,47.0,0.0,60.0,0.0,178.0,79.0,-70.010274,-21.151524,679.36,SG2,SG2-hill
Feb9-4-8_SPA,0.0,0.0,261.0,0.0,0.0,0.0,0.0,138.0,0.0,0.0,0.0,352.0,24.0,0.0,0.0,0.0,0.0,122.0,0.0,0.0,0.0,0.0,13.0,0.0,0.0,0.0,0.0,0.0,0.0,0.0,0.0,0.0,0.0,0.0,0.0,86.0,0.0,0.0,0.0,0.0,0.0,0.0,0.0,32.0,0.0,0.0,0.0,0.0,268.0,0.0,0.0,0.0,0.0,0.0,0.0,0.0,0.0,184.0,0.0,0.0,21.0,0.0,0.0,0.0,0.0,0.0,0.0,0.0,0.0,0.0,263.0,0.0,0.0,0.0,0.0,0.0,0.0,924.0,340.0,646.0,0.0,0.0,0.0,0.0,32.0,0.0,0.0,0.0,44.0,0.0,83.0,0.0,189.0,105.0,-70.010183,-21.151116000000002,680.43,SG2,SG2-hill
Feb9-4-a_SPA,0.0,0.0,145.0,0.0,0.0,0.0,0.0,0.0,0.0,0.0,0.0,209.0,0.0,0.0,0.0,0.0,0.0,0.0,0.0,0.0,0.0,0.0,0.0,0.0,0.0,0.0,0.0,0.0,0.0,0.0,19.0,0.0,0.0,0.0,0.0,53.0,0.0,0.0,0.0,124.0,0.0,0.0,0.0,11.0,0.0,299.0,137.0,0.0,0.0,0.0,0.0,0.0,0.0,0.0,0.0,0.0,0.0,331.0,0.0,0.0,21.0,0.0,0.0,0.0,0.0,45.0,0.0,0.0,52.0,0.0,406.0,218.0,0.0,0.0,0.0,0.0,0.0,289.0,716.0,577.0,0.0,0.0,0.0,54.0,10.0,0.0,0.0,0.0,41.0,0.0,43.0,0.0,44.0,51.0,-70.010648,-21.152824,683.28,SG2,SG2-flat
Feb9-4-b_SPA,0.0,0.0,237.0,66.0,53.0,0.0,31.0,0.0,0.0,0.0,54.0,158.0,0.0,0.0,0.0,0.0,0.0,0.0,0.0,0.0,0.0,0.0,0.0,0.0,0.0,0.0,0.0,0.0,0.0,0.0,0.0,0.0,43.0,0.0,0.0,0.0,0.0,0.0,0.0,0.0,0.0,0.0,177.0,232.0,0.0,499.0,0.0,0.0,0.0,0.0,0.0,0.0,0.0,0.0,0.0,0.0,0.0,0.0,0.0,0.0,0.0,0.0,0.0,0.0,0.0,0.0,0.0,0.0,157.0,86.0,707.0,113.0,0.0,151.0,0.0,0.0,0.0,0.0,0.0,0.0,0.0,0.0,0.0,0.0,0.0,0.0,91.0,316.0,0.0,0.0,0.0,0.0,643.0,0.0,-70.010648,-21.152824,683.28,SG2,SG2-flat
Feb9-5-a_SPA,0.0,0.0,528.0,0.0,0.0,0.0,0.0,0.0,0.0,0.0,22.0,181.0,0.0,0.0,50.0,0.0,0.0,0.0,0.0,0.0,0.0,0.0,0.0,0.0,0.0,0.0,57.0,0.0,0.0,0.0,0.0,0.0,10.0,0.0,0.0,0.0,0.0,0.0,0.0,0.0,0.0,0.0,0.0,41.0,0.0,162.0,0.0,0.0,356.0,0.0,0.0,0.0,0.0,0.0,0.0,0.0,0.0,409.0,0.0,0.0,48.0,12.0,0.0,0.0,0.0,0.0,0.0,45.0,0.0,0.0,736.0,0.0,0.0,0.0,0.0,0.0,0.0,144.0,966.0,0.0,0.0,0.0,0.0,53.0,0.0,0.0,0.0,0.0,89.0,0.0,0.0,0.0,275.0,0.0,-70.012644,-21.152814000000003,655.83,SG2,SG2-flat
Feb9-5-b_SPA,0.0,0.0,472.0,0.0,0.0,0.0,0.0,0.0,0.0,0.0,29.0,102.0,0.0,0.0,0.0,0.0,0.0,0.0,0.0,0.0,0.0,0.0,0.0,0.0,0.0,0.0,14.0,0.0,0.0,0.0,0.0,0.0,0.0,0.0,0.0,0.0,0.0,0.0,0.0,0.0,0.0,0.0,0.0,70.0,0.0,511.0,182.0,0.0,0.0,0.0,0.0,0.0,0.0,0.0,0.0,0.0,0.0,42.0,0.0,0.0,87.0,0.0,0.0,0.0,0.0,25.0,0.0,0.0,0.0,0.0,591.0,0.0,0.0,28.0,38.0,0.0,0.0,660.0,486.0,215.0,0.0,0.0,0.0,63.0,0.0,21.0,0.0,0.0,39.0,395.0,33.0,0.0,201.0,37.0,-70.012644,-21.152814000000003,655.83,SG2,SG2-flat
Feb9-6-a_SPA,0.0,0.0,184.0,0.0,0.0,0.0,0.0,97.0,0.0,0.0,0.0,79.0,76.0,0.0,0.0,0.0,68.0,0.0,0.0,0.0,0.0,0.0,0.0,0.0,0.0,0.0,0.0,0.0,0.0,0.0,0.0,0.0,0.0,0.0,0.0,0.0,131.0,0.0,0.0,0.0,0.0,0.0,0.0,0.0,0.0,0.0,114.0,0.0,0.0,0.0,0.0,0.0,0.0,0.0,0.0,0.0,0.0,0.0,0.0,0.0,0.0,0.0,0.0,0.0,0.0,0.0,0.0,0.0,183.0,0.0,70.0,0.0,0.0,0.0,0.0,0.0,0.0,0.0,88.0,35.0,0.0,0.0,0.0,0.0,0.0,0.0,0.0,77.0,0.0,0.0,0.0,0.0,356.0,0.0,-70.014783,-21.152872,653.19,SG2,SG2-flat
Feb9-6-b_SPA,0.0,0.0,362.0,0.0,0.0,0.0,0.0,179.0,0.0,0.0,88.0,27.0,0.0,0.0,0.0,0.0,0.0,0.0,0.0,0.0,0.0,0.0,0.0,0.0,0.0,0.0,0.0,0.0,0.0,0.0,0.0,0.0,0.0,0.0,0.0,0.0,0.0,179.0,0.0,0.0,0.0,0.0,0.0,0.0,0.0,610.0,0.0,0.0,0.0,0.0,0.0,0.0,0.0,0.0,0.0,0.0,0.0,47.0,0.0,0.0,24.0,0.0,77.0,0.0,0.0,0.0,0.0,0.0,0.0,0.0,400.0,0.0,0.0,0.0,0.0,0.0,0.0,0.0,373.0,0.0,0.0,0.0,0.0,21.0,0.0,18.0,0.0,0.0,71.0,0.0,0.0,0.0,365.0,0.0,-70.014783,-21.152872,653.19,SG2,SG2-flat
Feb9-7-a_SPA,0.0,0.0,267.0,64.0,0.0,0.0,0.0,162.0,0.0,0.0,0.0,237.0,0.0,0.0,38.0,72.0,0.0,115.0,0.0,30.0,0.0,0.0,0.0,0.0,0.0,0.0,0.0,0.0,0.0,0.0,0.0,0.0,0.0,0.0,0.0,0.0,0.0,0.0,0.0,0.0,0.0,0.0,0.0,0.0,0.0,0.0,0.0,0.0,229.0,0.0,0.0,0.0,0.0,0.0,0.0,0.0,0.0,98.0,0.0,0.0,29.0,0.0,0.0,0.0,0.0,0.0,0.0,0.0,390.0,0.0,221.0,69.0,0.0,0.0,0.0,0.0,0.0,2443.0,96.0,0.0,11.0,0.0,0.0,83.0,0.0,0.0,0.0,500.0,0.0,0.0,0.0,18.0,155.0,59.0,-70.016803,-21.152824,650.08,SG2,SG2-flat
Feb9-7-b_SPA,45.0,0.0,288.0,25.0,0.0,0.0,37.0,526.0,0.0,0.0,34.0,186.0,0.0,0.0,61.0,0.0,0.0,0.0,0.0,0.0,0.0,0.0,0.0,0.0,0.0,0.0,25.0,0.0,0.0,0.0,0.0,0.0,0.0,0.0,0.0,22.0,0.0,280.0,0.0,0.0,0.0,0.0,0.0,57.0,14.0,132.0,0.0,0.0,0.0,0.0,0.0,0.0,20.0,0.0,0.0,0.0,0.0,141.0,0.0,0.0,0.0,0.0,0.0,0.0,0.0,10.0,0.0,0.0,0.0,0.0,337.0,0.0,0.0,0.0,0.0,0.0,0.0,358.0,211.0,0.0,0.0,0.0,0.0,33.0,0.0,0.0,0.0,240.0,0.0,0.0,0.0,0.0,237.0,32.0,-70.016803,-21.152824,650.08,SG2,SG2-flat
Feb9-8-a_SPA,0.0,0.0,467.0,0.0,0.0,0.0,0.0,0.0,32.0,0.0,0.0,93.0,0.0,0.0,0.0,0.0,58.0,99.0,0.0,39.0,0.0,0.0,0.0,0.0,0.0,0.0,0.0,97.0,0.0,0.0,0.0,0.0,0.0,0.0,0.0,61.0,0.0,0.0,0.0,0.0,0.0,0.0,0.0,0.0,0.0,472.0,0.0,0.0,0.0,0.0,0.0,0.0,56.0,0.0,0.0,0.0,103.0,329.0,38.0,0.0,64.0,0.0,105.0,0.0,0.0,32.0,0.0,0.0,0.0,0.0,375.0,51.0,0.0,0.0,0.0,0.0,0.0,0.0,199.0,208.0,0.0,0.0,0.0,22.0,0.0,28.0,0.0,0.0,77.0,0.0,0.0,0.0,440.0,0.0,-70.018939,-21.152762,650.34,SG2,SG2-flat
Feb9-8-b_SPA,0.0,0.0,195.0,86.0,0.0,0.0,0.0,0.0,0.0,0.0,0.0,265.0,0.0,0.0,0.0,43.0,0.0,111.0,0.0,0.0,0.0,0.0,0.0,0.0,0.0,0.0,26.0,0.0,0.0,0.0,23.0,0.0,0.0,0.0,0.0,78.0,0.0,0.0,0.0,0.0,0.0,0.0,0.0,17.0,0.0,574.0,0.0,0.0,424.0,0.0,0.0,0.0,0.0,0.0,0.0,0.0,229.0,490.0,0.0,0.0,69.0,0.0,0.0,0.0,0.0,38.0,0.0,0.0,0.0,0.0,337.0,97.0,0.0,0.0,0.0,0.0,0.0,211.0,416.0,0.0,0.0,0.0,0.0,79.0,0.0,40.0,13.0,0.0,111.0,0.0,0.0,25.0,288.0,0.0,-70.018939,-21.152762,650.34,SG2,SG2-flat
SG1-E-mid_SPA,0.0,0.0,300.0,37.0,0.0,42.0,0.0,0.0,0.0,0.0,0.0,107.0,0.0,0.0,0.0,0.0,0.0,0.0,0.0,0.0,0.0,0.0,0.0,0.0,0.0,0.0,21.0,0.0,0.0,0.0,0.0,0.0,0.0,0.0,0.0,79.0,146.0,55.0,0.0,0.0,0.0,0.0,0.0,0.0,0.0,392.0,0.0,0.0,0.0,0.0,0.0,0.0,0.0,0.0,0.0,0.0,0.0,340.0,0.0,0.0,26.0,0.0,36.0,0.0,0.0,0.0,0.0,0.0,281.0,0.0,37.0,46.0,0.0,0.0,0.0,0.0,0.0,0.0,262.0,0.0,0.0,0.0,0.0,0.0,0.0,0.0,0.0,0.0,0.0,0.0,0.0,0.0,80.0,0.0,-70.008927,-20.956373000000003,646.0,SG1,SG1_hill
